actual_mean,actual_log_pf,actual_drawdown,num_nonzero_rets,bs_mean_0.1%,bs_log_pf_0.1%,bs_dd_0.1%,bs_mean_1.0%,bs_log_pf_1.0%,bs_dd_1.0%,bs_mean_5.0%,bs_log_pf_5.0%,bs_dd_5.0%,bs_mean_10.0%,bs_log_pf_10.0%,bs_dd_10.0%,bs_mean_90.0%,bs_log_pf_90.0%,bs_dd_90.0%,bs_mean_95.0%,bs_log_pf_95.0%,bs_dd_95.0%,bs_mean_99.0%,bs_log_pf_99.0%,bs_dd_99.0%,perm_dd_0.1%,perm_dd_1.0%,perm_dd_5.0%,perm_dd_10.0%,perm_dd_90.0%,perm_dd_95.0%,perm_dd_99.0%,avg_bs_dd,avg_perm_dd,p_two_sided_mean,p_two_sided_log_pf,p_one_sided_drawdown
5.4251121849161204e-06,0.006124934249643658,0.1333289756429595,3002,-0.00019384134451361814,-0.22025081083486386,0.06175515021079957,-0.0001382808968647987,-0.15517111471272507,0.08019807535544685,-9.624926010774947e-05,-0.10704052761298317,0.10103335719260674,-7.618734951622955e-05,-0.08518784134090146,0.11445340094693493,8.789128257978603e-05,0.10041257791475462,0.3141579841634329,0.00010876679630220878,0.12479668278085268,0.3504705719740774,0.00014680391765044943,0.17024100564517033,0.4127870729225952,0.10222755820057879,0.11527757318611681,0.13231360257889005,0.14201168574326892,0.25100618055276347,0.2756870125727108,0.3107634826443425,0.20477541887246178,0.19556871950891422,0.943,0.942,0.062
