solo_p,unbiased_p
0.7422577422577422,0.7422577422577422
0.1888111888111888,0.000999000999000999
