bootstrap_mean_0.1%,bootstrap_mean_1%,bootstrap_mean_5%,bootstrap_mean_10%,bootstrap_log_pf_0.1%,bootstrap_log_pf_1%,bootstrap_log_pf_5%,bootstrap_log_pf_10%,bootstrap_dd_0.1%,bootstrap_dd_1%,bootstrap_dd_5%,bootstrap_dd_10%,avg_bootstrap_dd,p_value_mean,p_value_log_pf,p_value_dd
-0.00015377512790462167,-0.00011894371165696697,-8.656623558171696e-05,-6.139589177705017e-05,-0.2207023060564833,-0.1711131819679769,-0.12463183990302748,-0.08982160402470873,0.060691730671260595,0.08269656628376328,0.10560088330620886,0.12347503438780333,0.23034755093538364,1.0,1.0,0.959
