actual_mean,actual_log_pf,actual_drawdown,bs_mean_0.1%,bs_log_pf_0.1%,bs_dd_0.1%,perm_mean_0.1%,perm_log_pf_0.1%,perm_dd_0.1%,bs_mean_1%,bs_log_pf_1%,bs_dd_1%,perm_mean_1%,perm_log_pf_1%,perm_dd_1%,bs_mean_5%,bs_log_pf_5%,bs_dd_5%,perm_mean_5%,perm_log_pf_5%,perm_dd_5%,bs_mean_10%,bs_log_pf_10%,bs_dd_10%,perm_mean_10%,perm_log_pf_10%,perm_dd_10%,avg_bs_dd,avg_perm_dd,p_value_mean,p_value_log_pf,p_value_dd
5.4251121849161204e-06,0.006124934249643658,0.1333289756429595,-0.00018467469338460582,-0.2021320741225581,0.06162726977474065,5.425112184916116e-06,0.006124934249643217,0.10618414833024603,-0.0001616256670670053,-0.18177863396567565,0.08184079347502626,5.425112184916116e-06,0.006124934249643217,0.1177270663209879,-0.00010685392292760805,-0.11858590180120489,0.09993752553975034,5.425112184916119e-06,0.006124934249643217,0.13340133138532956,-7.990588663611604e-05,-0.08856426930135108,0.11493434800463945,5.425112184916119e-06,0.006124934249643437,0.14124221147815424,0.20879358787292568,0.19489433321338143,0.837,0.293,0.048
