orig_return,trend,mean_bias,skill
1.0088350860600528,0.0,1.0088350860600315,2.1316282072803006e-14
