System,solo_p,unbiased_p
SP500_ewmac,0.922077922077922,0.000999000999000999
SP500_trend breakout,0.6203796203796204,0.6203796203796204
DAX_ewmac,0.995004995004995,0.000999000999000999
DAX_trend breakout,0.42857142857142855,0.000999000999000999
