orig_return,trend,mean_bias,skill
1.3250222667548424,0.0,1.325022266754808,3.441691376337985e-14
