orig_return,trend,mean_bias,skill
0.007688246518979813,0.0,0.0076882465189796,2.1337098754514727e-16
