actual_mean,actual_log_pf,actual_drawdown,num_nonzero_rets,bs_mean_0.1%,bs_log_pf_0.1%,bs_dd_0.1%,bs_mean_1.0%,bs_log_pf_1.0%,bs_dd_1.0%,bs_mean_5.0%,bs_log_pf_5.0%,bs_dd_5.0%,bs_mean_10.0%,bs_log_pf_10.0%,bs_dd_10.0%,bs_mean_90.0%,bs_log_pf_90.0%,bs_dd_90.0%,bs_mean_95.0%,bs_log_pf_95.0%,bs_dd_95.0%,bs_mean_99.0%,bs_log_pf_99.0%,bs_dd_99.0%,perm_dd_0.1%,perm_dd_1.0%,perm_dd_5.0%,perm_dd_10.0%,perm_dd_90.0%,perm_dd_95.0%,perm_dd_99.0%,avg_bs_dd,avg_perm_dd,p_two_sided_mean,p_two_sided_log_pf,p_one_sided_drawdown
5.4251121849161204e-06,0.006124934249643658,0.1333289756429595,3002,-0.0002063557574395333,-0.22513737854070995,0.07127651380098918,-0.0001570489057407966,-0.17595975639435105,0.08746116017799564,-0.00010749011850029501,-0.12139923978964066,0.1017223045819096,-8.237727561625603e-05,-0.0905882804566126,0.11841051155047924,8.845448346260378e-05,0.10083454119663118,0.3213738026419789,0.00010447545929308626,0.12005631718918809,0.36840686436217,0.000165274901220748,0.1862847622272829,0.42835176017843435,0.10091629723113914,0.11223790372474604,0.13332298892100897,0.1448152405048681,0.2553801423451257,0.2702031589631514,0.3044579049498515,0.208784906315148,0.19628232675513893,0.947,0.947,0.051
