actual_mean,actual_log_pf,actual_drawdown,num_nonzero_rets,bs_mean_0.1%,bs_log_pf_0.1%,bs_dd_0.1%,bs_mean_1.0%,bs_log_pf_1.0%,bs_dd_1.0%,bs_mean_5.0%,bs_log_pf_5.0%,bs_dd_5.0%,bs_mean_10.0%,bs_log_pf_10.0%,bs_dd_10.0%,bs_mean_90.0%,bs_log_pf_90.0%,bs_dd_90.0%,bs_mean_95.0%,bs_log_pf_95.0%,bs_dd_95.0%,bs_mean_99.0%,bs_log_pf_99.0%,bs_dd_99.0%,perm_dd_0.1%,perm_dd_1.0%,perm_dd_5.0%,perm_dd_10.0%,perm_dd_90.0%,perm_dd_95.0%,perm_dd_99.0%,avg_bs_dd,avg_perm_dd,p_two_sided_mean,p_two_sided_log_pf,p_one_sided_drawdown
5.4251121849161204e-06,0.006124934249643658,0.1333289756429595,3002,-0.00019989040001818306,-0.2217657359152686,0.06341308476092193,-0.000145098514348387,-0.16022423121778656,0.07807042342099912,-0.00010014125799039718,-0.11330273777670703,0.09972365424568316,-8.019379237879975e-05,-0.08861436627162686,0.11207494549113942,0.00010263662911736524,0.1169382306292013,0.31549226935716734,0.00012701063509341028,0.1452121687635704,0.35467870929672995,0.0001571276006221077,0.18134219166594295,0.4149014653971895,0.10664854495601891,0.12061905968879982,0.13460297014632347,0.14524839552747051,0.2508103036298079,0.2744307582266511,0.31537341944147024,0.2029653041787103,0.1970659815413339,0.941,0.938,0.047
