actual_mean,actual_log_pf,actual_drawdown,num_nonzero_rets,bs_mean_0.1%,bs_log_pf_0.1%,bs_dd_0.1%,bs_mean_1.0%,bs_log_pf_1.0%,bs_dd_1.0%,bs_mean_5.0%,bs_log_pf_5.0%,bs_dd_5.0%,bs_mean_10.0%,bs_log_pf_10.0%,bs_dd_10.0%,bs_mean_90.0%,bs_log_pf_90.0%,bs_dd_90.0%,bs_mean_95.0%,bs_log_pf_95.0%,bs_dd_95.0%,bs_mean_99.0%,bs_log_pf_99.0%,bs_dd_99.0%,perm_dd_0.1%,perm_dd_1.0%,perm_dd_5.0%,perm_dd_10.0%,perm_dd_90.0%,perm_dd_95.0%,perm_dd_99.0%,avg_bs_dd,avg_perm_dd,p_two_sided_mean,p_two_sided_log_pf,p_one_sided_drawdown
5.4251121849161204e-06,0.006124934249643658,0.1333289756429595,3002,-0.0001863542370111683,-0.201498700746946,0.07122676533983167,-0.00015659132559066126,-0.16687779001382094,0.08154097211568974,-0.00010354995869156238,-0.1146337204510196,0.10461995789994398,-8.096023550697182e-05,-0.0909013546108013,0.11809794222207787,8.591679372072454e-05,0.09864404388827658,0.3200121408490651,0.0001099780869384888,0.12487218516836557,0.36232188024390094,0.00015667376566675195,0.18148521569986933,0.434163024614226,0.1002496358508883,0.11530264469688142,0.13182807723916062,0.14174638287441638,0.2500359291810139,0.26952125453154213,0.30043987452043913,0.20756643894043394,0.19301500738444402,0.938,0.941,0.056
