bootstrap_mean_0.1%,bootstrap_log_pf_0.1%,bootstrap_dd_0.1%,bootstrap_mean_1.0%,bootstrap_log_pf_1.0%,bootstrap_dd_1.0%,bootstrap_mean_5.0%,bootstrap_log_pf_5.0%,bootstrap_dd_5.0%,bootstrap_mean_10.0%,bootstrap_log_pf_10.0%,bootstrap_dd_10.0%,avg_bootstrap_dd,p_value_mean,p_value_log_pf,p_value_dd
-0.00015352153681629999,-0.21722972929793707,0.07054082253752988,-0.00010993160426281473,-0.15609818230149802,0.08360957356497135,-8.192351663739085e-05,-0.1179512673662387,0.1013198761821387,-6.536394705670498e-05,-0.09433695808574231,0.1169549467942025,0.21541110542587086,0.865,0.286,0.041
