orig_return,trend,mean_bias,skill
-0.9977571361391824,0.0,-0.9977571361391727,-9.658940314238862e-15
