bootstrap_mean_0.1%,bootstrap_mean_1%,bootstrap_mean_5%,bootstrap_mean_10%,bootstrap_log_pf_0.1%,bootstrap_log_pf_1%,bootstrap_log_pf_5%,bootstrap_log_pf_10%,bootstrap_dd_0.1%,bootstrap_dd_1%,bootstrap_dd_5%,bootstrap_dd_10%,avg_bootstrap_dd,p_value_mean,p_value_log_pf,p_value_dd
-0.00017022784662403564,-0.00013518735692180352,-8.66526903581282e-05,-6.109420566793277e-05,-0.17978194400404618,-0.13817170303820592,-0.09088576820247125,-0.06569969622675721,0.08047672957142299,0.09576443931482402,0.11697628494931447,0.13137473813390696,0.2559505865860889,1.0,1.0,0.973
