bootstrap_mean_0.1%,bootstrap_mean_1%,bootstrap_mean_5%,bootstrap_mean_10%,bootstrap_log_pf_0.1%,bootstrap_log_pf_1%,bootstrap_log_pf_5%,bootstrap_log_pf_10%,bootstrap_dd_0.1%,bootstrap_dd_1%,bootstrap_dd_5%,bootstrap_dd_10%,avg_bootstrap_dd,p_value_mean,p_value_log_pf,p_value_dd
-0.00020096637976607477,-0.00014794056887164125,-8.624955407721253e-05,-6.031131491413888e-05,-0.2027435469655968,-0.15206084272997428,-0.09004127935141937,-0.06344408421723276,0.07798419623809728,0.08847217202199543,0.11747213286605653,0.1321282818168955,0.25390728776330773,1.0,1.0,0.973
