bs_mean_0.1%,bs_log_pf_0.1%,bs_dd_0.1%,perm_mean_0.1%,perm_log_pf_0.1%,perm_dd_0.1%,bs_mean_1.0%,bs_log_pf_1.0%,bs_dd_1.0%,perm_mean_1.0%,perm_log_pf_1.0%,perm_dd_1.0%,bs_mean_5.0%,bs_log_pf_5.0%,bs_dd_5.0%,perm_mean_5.0%,perm_log_pf_5.0%,perm_dd_5.0%,bs_mean_10.0%,bs_log_pf_10.0%,bs_dd_10.0%,perm_mean_10.0%,perm_log_pf_10.0%,perm_dd_10.0%,avg_bs_dd,avg_perm_dd,p_mean,p_log_pf,p_dd_small
-0.00018832054262434128,-0.20144496862583186,0.06316425083536693,5.425112184916116e-06,0.006124934249643217,0.10895753339818925,-0.0001543530264167264,-0.17283225614527922,0.08280632719405623,5.425112184916116e-06,0.006124934249643217,0.11782037646881581,-0.00010504400667844174,-0.11624024868087997,0.103527570827393,5.425112184916119e-06,0.006124934249643217,0.132872915779185,-8.264226335415822e-05,-0.09227949056084346,0.11854943554259478,5.425112184916119e-06,0.006124934249643437,0.1427385102471367,0.2092336687279655,0.19520995759307125,0.844,0.267,0.055
