orig_return,trend,mean_bias,skill
1.3631483471024368,0.0,1.3631483471024253,1.1546319456101628e-14
