orig_return,trend,mean_bias,skill
0.00815102344785057,0.0,0.008151023447850583,-1.3877787807814457e-17
