system,solo_p,unbiased_p
SP500_ewmac,0.8171828171828172,0.8171828171828172
DAX_ewmac,0.8081918081918081,0.000999000999000999
