actual_mean,actual_log_pf,actual_drawdown,num_nonzero_rets,bs_mean_0.1%,bs_log_pf_0.1%,bs_dd_0.1%,bs_mean_1.0%,bs_log_pf_1.0%,bs_dd_1.0%,bs_mean_5.0%,bs_log_pf_5.0%,bs_dd_5.0%,bs_mean_10.0%,bs_log_pf_10.0%,bs_dd_10.0%,bs_mean_90.0%,bs_log_pf_90.0%,bs_dd_90.0%,bs_mean_95.0%,bs_log_pf_95.0%,bs_dd_95.0%,bs_mean_99.0%,bs_log_pf_99.0%,bs_dd_99.0%,perm_dd_0.1%,perm_dd_1.0%,perm_dd_5.0%,perm_dd_10.0%,perm_dd_90.0%,perm_dd_95.0%,perm_dd_99.0%,avg_bs_dd,avg_perm_dd,p_two_sided_mean,p_two_sided_log_pf,p_one_sided_drawdown
5.4251121849161204e-06,0.006124934249643658,0.1333289756429595,3002,-0.00020091670376989898,-0.2283694746020375,0.06712934767351798,-0.00014986871519156132,-0.157324888049843,0.07754727296386991,-9.401658553628325e-05,-0.10382071198695486,0.10068638388016923,-7.137315849272296e-05,-0.0797449113426563,0.11586786770739078,9.097099784002925e-05,0.10388833312166267,0.3063224311500566,0.00011145804670489809,0.1277827978060285,0.3427674380500569,0.00015709641607673577,0.17387586110870537,0.4186331539708362,0.1065280046429921,0.12049479399885646,0.1326087668141851,0.14370948027252542,0.255659827006396,0.27397541854921337,0.30648318568201505,0.2061495124434617,0.19664294865783005,0.937,0.937,0.054
