actual_mean,actual_log_pf,actual_drawdown,num_nonzero_rets,bs_mean_0.1%,bs_log_pf_0.1%,bs_dd_0.1%,bs_mean_1.0%,bs_log_pf_1.0%,bs_dd_1.0%,bs_mean_5.0%,bs_log_pf_5.0%,bs_dd_5.0%,bs_mean_10.0%,bs_log_pf_10.0%,bs_dd_10.0%,bs_mean_90.0%,bs_log_pf_90.0%,bs_dd_90.0%,bs_mean_95.0%,bs_log_pf_95.0%,bs_dd_95.0%,bs_mean_99.0%,bs_log_pf_99.0%,bs_dd_99.0%,perm_dd_0.1%,perm_dd_1.0%,perm_dd_5.0%,perm_dd_10.0%,perm_dd_90.0%,perm_dd_95.0%,perm_dd_99.0%,avg_bs_dd,avg_perm_dd,p_two_sided_mean,p_two_sided_log_pf,p_one_sided_drawdown
5.4251121849161204e-06,0.006124934249643658,0.1333289756429595,3002,-0.00021370668576161547,-0.23151162857251645,0.054220663107306874,-0.00015484385526270213,-0.17363009216049324,0.08125243530511277,-0.00010253109165519564,-0.11292038855897098,0.10199195815580363,-7.672836702448696e-05,-0.08652503858915654,0.1157501405695572,8.950434799409482e-05,0.10140915744826538,0.3165554542979478,0.00011502860711835248,0.13031931450728354,0.3558459344208383,0.0001760620567661616,0.1979292038856236,0.43827962591494873,0.1062343019107808,0.11586007587459954,0.1329895479744106,0.14291229183568765,0.2504054021874654,0.26650631658249896,0.2965436846372708,0.20667274277062403,0.1936152089505407,0.934,0.931,0.051
