cagr,ann_vol,sharpe,max_dd
0.00104380873555443,0.021284535702721295,0.049040709655742025,-0.0860885159030095
