actual_mean,actual_log_pf,actual_drawdown,num_nonzero_rets,bs_mean_0.1%,bs_log_pf_0.1%,bs_dd_0.1%,bs_mean_1.0%,bs_log_pf_1.0%,bs_dd_1.0%,bs_mean_5.0%,bs_log_pf_5.0%,bs_dd_5.0%,bs_mean_10.0%,bs_log_pf_10.0%,bs_dd_10.0%,bs_mean_90.0%,bs_log_pf_90.0%,bs_dd_90.0%,bs_mean_95.0%,bs_log_pf_95.0%,bs_dd_95.0%,bs_mean_99.0%,bs_log_pf_99.0%,bs_dd_99.0%,perm_dd_0.1%,perm_dd_1.0%,perm_dd_5.0%,perm_dd_10.0%,perm_dd_90.0%,perm_dd_95.0%,perm_dd_99.0%,avg_bs_dd,avg_perm_dd,p_two_sided_mean,p_two_sided_log_pf,p_one_sided_drawdown
5.4251121849161204e-06,0.006124934249643658,0.1333289756429595,3002,-0.00022640909529771311,-0.2461104886640304,0.06402105433472877,-0.00013766695282231228,-0.1523906708172689,0.07895529164463665,-0.00010246874698448758,-0.11481283406597105,0.09999476121834917,-8.203018710621466e-05,-0.09235761337914124,0.11330521162235294,8.099390262297433e-05,0.09213227556592585,0.32187620135652373,0.00010989432999907932,0.12443503767108229,0.35079661483101987,0.0001550715077598836,0.17716494236628821,0.41271811235808736,0.10540436604264224,0.11963862969155653,0.13124851643147709,0.1427374644974755,0.2505810390152267,0.27137424861134,0.30626753442205285,0.20790928009834786,0.19504253609881744,0.937,0.937,0.06
