actual_mean,actual_log_pf,actual_drawdown,num_nonzero_rets,bs_mean_0.1%,bs_log_pf_0.1%,bs_dd_0.1%,bs_mean_1.0%,bs_log_pf_1.0%,bs_dd_1.0%,bs_mean_5.0%,bs_log_pf_5.0%,bs_dd_5.0%,bs_mean_10.0%,bs_log_pf_10.0%,bs_dd_10.0%,bs_mean_90.0%,bs_log_pf_90.0%,bs_dd_90.0%,bs_mean_95.0%,bs_log_pf_95.0%,bs_dd_95.0%,bs_mean_99.0%,bs_log_pf_99.0%,bs_dd_99.0%,perm_dd_0.1%,perm_dd_1.0%,perm_dd_5.0%,perm_dd_10.0%,perm_dd_90.0%,perm_dd_95.0%,perm_dd_99.0%,avg_bs_dd,avg_perm_dd,p_two_sided_mean,p_two_sided_log_pf,p_one_sided_drawdown
5.4251121849161204e-06,0.006124934249643658,0.1333289756429595,3002,-0.00019144160862444968,-0.2126500956246064,0.07074923083639878,-0.00016084540993280204,-0.16810763627298106,0.08517617185975426,-0.0001067382829472231,-0.11700962684188333,0.1047213054416755,-7.955441991994321e-05,-0.08793037675753086,0.11887664220555884,8.887412946321439e-05,0.10205427715137151,0.3179894601195172,0.00011378871327289859,0.12949737222873908,0.35671363013986923,0.00015220253391089343,0.17468510264211684,0.4257178724004656,0.09796869539235689,0.11470753175494239,0.13113938227759767,0.14184522557207865,0.25247493159003387,0.2704559642755089,0.3076140841793032,0.2069492039448883,0.19359013104253983,0.918,0.918,0.06
