actual_mean,actual_log_pf,actual_drawdown,num_nonzero_rets,bs_mean_0.1%,bs_log_pf_0.1%,bs_dd_0.1%,bs_mean_1.0%,bs_log_pf_1.0%,bs_dd_1.0%,bs_mean_5.0%,bs_log_pf_5.0%,bs_dd_5.0%,bs_mean_10.0%,bs_log_pf_10.0%,bs_dd_10.0%,bs_mean_90.0%,bs_log_pf_90.0%,bs_dd_90.0%,bs_mean_95.0%,bs_log_pf_95.0%,bs_dd_95.0%,bs_mean_99.0%,bs_log_pf_99.0%,bs_dd_99.0%,perm_dd_0.1%,perm_dd_1.0%,perm_dd_5.0%,perm_dd_10.0%,perm_dd_90.0%,perm_dd_95.0%,perm_dd_99.0%,avg_bs_dd,avg_perm_dd,p_two_sided_mean,p_two_sided_log_pf,p_one_sided_drawdown
5.4251121849161204e-06,0.006124934249643658,0.1333289756429595,3002,-0.00019619114930267666,-0.20821311023895345,0.06815061990657247,-0.0001389907956742399,-0.15210414101358696,0.08586442286212626,-9.994442022051856e-05,-0.11061152899321881,0.10057477322429265,-7.84280070734349e-05,-0.08586530870224283,0.11503890128556993,8.806677892915706e-05,0.10092914913421891,0.32376120089121724,0.00010916776249094368,0.12547118415927808,0.35421436084575586,0.00014822033735645022,0.16875553215233594,0.41441007920734513,0.10874349759614735,0.12333375387512004,0.13787478147523738,0.1478875907213796,0.25494542932141334,0.26807224088846615,0.29999760285308164,0.2081850973324927,0.19751836422105343,0.944,0.942,0.031
