bootstrap_mean_0.1%,bootstrap_mean_1%,bootstrap_mean_5%,bootstrap_mean_10%,bootstrap_log_pf_0.1%,bootstrap_log_pf_1%,bootstrap_log_pf_5%,bootstrap_log_pf_10%,bootstrap_dd_0.1%,bootstrap_dd_1%,bootstrap_dd_5%,bootstrap_dd_10%,avg_bootstrap_dd,p_value_mean,p_value_log_pf,p_value_dd
-0.00014659190262593407,-0.00012563156350041342,-8.586410958344231e-05,-5.824816677479235e-05,-0.15323718968852038,-0.1299599235334372,-0.08802936484045168,-0.06118257536432179,0.08537400246072004,0.0982687738628799,0.12467465560936346,0.14017683263946823,0.2565605936964751,1.0,1.0,0.971
