orig_return,trend,mean_bias,skill
-0.8668963763298903,0.0,-0.8668963763298937,3.4416913763379853e-15
