actual_mean,actual_log_pf,actual_drawdown,bs_mean_0.1%,bs_log_pf_0.1%,bs_dd_0.1%,perm_mean_0.1%,perm_log_pf_0.1%,perm_dd_0.1%,bs_mean_1%,bs_log_pf_1%,bs_dd_1%,perm_mean_1%,perm_log_pf_1%,perm_dd_1%,bs_mean_5%,bs_log_pf_5%,bs_dd_5%,perm_mean_5%,perm_log_pf_5%,perm_dd_5%,bs_mean_10%,bs_log_pf_10%,bs_dd_10%,perm_mean_10%,perm_log_pf_10%,perm_dd_10%,avg_bs_dd,avg_perm_dd,p_value_mean,p_value_log_pf,p_value_dd
5.4251121849161204e-06,0.006124934249643658,0.1333289756429595,-0.0001947581784300944,-0.21620847997147571,0.06370407510205174,5.425112184916116e-06,0.006124934249643217,0.10796976654975787,-0.00014037501022164011,-0.1575123590583329,0.07947816937120726,5.425112184916116e-06,0.006124934249643217,0.11716175039057565,-0.000101841796168933,-0.11268807066630612,0.10414669169360995,5.425112184916119e-06,0.006124934249643217,0.1362498274645831,-7.70239618759576e-05,-0.08667578316966144,0.11784521674472222,5.425112184916119e-06,0.006124934249643437,0.1452128038239181,0.20783497719904037,0.1967899262061428,0.838,0.26,0.042
