actual_mean,actual_log_pf,actual_drawdown,bs_mean_0.1%,bs_log_pf_0.1%,bs_dd_0.1%,perm_dd_0.1%,bs_mean_1.0%,bs_log_pf_1.0%,bs_dd_1.0%,perm_dd_1.0%,bs_mean_5.0%,bs_log_pf_5.0%,bs_dd_5.0%,perm_dd_5.0%,bs_mean_10.0%,bs_log_pf_10.0%,bs_dd_10.0%,perm_dd_10.0%,avg_bs_dd,avg_perm_dd,p_value_mean,p_value_log_pf,p_value_dd
5.4251121849161204e-06,0.006124934249643658,0.1333289756429595,-0.000174014235773608,-0.19191041532137923,0.05879767279829721,0.10943340791670873,-0.00015194846185759053,-0.16207138658206968,0.08077898882188657,0.11734956814688896,-0.00010820693630721596,-0.11705881438010336,0.10322821325095427,0.13123969390840554,-8.187430621300678e-05,-0.09285673511280441,0.11455787659733184,0.14232669534949896,0.2071963118030743,0.1932345752826958,0.936,0.936,0.06
