bootstrap_mean_0%,bootstrap_mean_1%,bootstrap_mean_5%,bootstrap_mean_10%,bootstrap_log_pf_0%,bootstrap_log_pf_1%,bootstrap_log_pf_5%,bootstrap_log_pf_10%,bootstrap_dd_0%,bootstrap_dd_1%,bootstrap_dd_5%,bootstrap_dd_10%,avg_bootstrap_dd,p_value_mean,p_value_log_pf,p_value_dd
-0.00014197892206465682,-0.00011593128268672723,-7.364579854377734e-05,-5.831582429101002e-05,-0.20346743995343045,-0.15901933410889726,-0.10713705154216191,-0.08417931903159993,0.06573529287515843,0.0813062416386527,0.10310265158244034,0.11791324750190378,0.20590466098723476,0.999,1.0,0.956
