orig_return,trend,mean_bias,skill
-0.4414813807387852,0.0,-0.4414813807387779,-7.271960811294775e-15
