bootstrap_mean_0.1%,bootstrap_mean_1%,bootstrap_mean_5%,bootstrap_mean_10%,bootstrap_log_pf_0.1%,bootstrap_log_pf_1%,bootstrap_log_pf_5%,bootstrap_log_pf_10%,bootstrap_dd_0.1%,bootstrap_dd_1%,bootstrap_dd_5%,bootstrap_dd_10%,avg_bootstrap_dd,p_value_mean,p_value_log_pf,p_value_dd
-6.8995805244359e-10,-5.08131141877731e-10,-3.346155067525511e-10,-2.6294879038543126e-10,-0.14724598669055805,-0.11424755347649983,-0.07250600283839943,-0.05786161515843325,3.8228884169377864e-07,4.5071718710265607e-07,5.28635827878876e-07,6.013462608422948e-07,1.0967996400663705e-06,1.0,1.0,0.629
