actual_mean,actual_log_pf,actual_drawdown,num_nonzero_rets,bs_mean_0.1%,bs_log_pf_0.1%,bs_dd_0.1%,bs_mean_1.0%,bs_log_pf_1.0%,bs_dd_1.0%,bs_mean_5.0%,bs_log_pf_5.0%,bs_dd_5.0%,bs_mean_10.0%,bs_log_pf_10.0%,bs_dd_10.0%,bs_mean_90.0%,bs_log_pf_90.0%,bs_dd_90.0%,bs_mean_95.0%,bs_log_pf_95.0%,bs_dd_95.0%,bs_mean_99.0%,bs_log_pf_99.0%,bs_dd_99.0%,perm_dd_0.1%,perm_dd_1.0%,perm_dd_5.0%,perm_dd_10.0%,perm_dd_90.0%,perm_dd_95.0%,perm_dd_99.0%,avg_bs_dd,avg_perm_dd,p_two_sided_mean,p_two_sided_log_pf,p_one_sided_drawdown
5.4251121849161204e-06,0.006124934249643658,0.1333289756429595,3002,-0.00024787700861038993,-0.26638909814621364,0.06780863147394464,-0.00015189993588747973,-0.16980353267719847,0.08271321602250988,-9.64341170799363e-05,-0.10920600103419542,0.10384972501530516,-7.727025445413127e-05,-0.08643665519062246,0.11802917305441799,9.671398991182594e-05,0.11043743972436317,0.3104840119663188,0.00011331916484015634,0.13001727746769348,0.3544789380001657,0.00015650600572769636,0.17951821284054037,0.42149739148175486,0.10309912482566179,0.11656912368977779,0.13240548117452067,0.14388048055372257,0.2545569763511808,0.2730768708943801,0.3095817823537358,0.20783179736106175,0.19644630271127234,0.945,0.943,0.053
