bootstrap_mean_0.1%,bootstrap_mean_1%,bootstrap_mean_5%,bootstrap_mean_10%,bootstrap_log_pf_0.1%,bootstrap_log_pf_1%,bootstrap_log_pf_5%,bootstrap_log_pf_10%,bootstrap_dd_0.1%,bootstrap_dd_1%,bootstrap_dd_5%,bootstrap_dd_10%,avg_bootstrap_dd,p_value_mean,p_value_log_pf,p_value_dd
-5.869124483344819e-10,-5.354445705682536e-10,-3.771597402764586e-10,-2.724831035242767e-10,-0.12620025343273159,-0.11575060603887137,-0.08323234384198455,-0.058744203523116593,3.6589352705895803e-07,4.282939230604299e-07,5.26473902950908e-07,5.910084615146083e-07,1.0956933569072902e-06,1.0,1.0,0.622
