bootstrap_mean_0.1%,bootstrap_mean_1%,bootstrap_mean_5%,bootstrap_mean_10%,bootstrap_log_pf_0.1%,bootstrap_log_pf_1%,bootstrap_log_pf_5%,bootstrap_log_pf_10%,bootstrap_dd_0.1%,bootstrap_dd_1%,bootstrap_dd_5%,bootstrap_dd_10%,avg_bootstrap_dd,p_value_mean,p_value_log_pf,p_value_dd
-0.0006454193039528899,-0.00046715309813443167,-0.0002271665288712261,-0.0001267256534454777,-0.14516701632059195,-0.09895476123775042,-0.05033673877541337,-0.027685970311316588,0.3660918035229573,0.42529664312443405,0.5451360774527416,0.5981601067333319,1.0723840996217737,0.851,0.132,0.936
