orig_return,trend,mean_bias,skill
10.501655776387524,0.0,10.501655776387661,-1.3677947663381929e-13
