System,solo_p,unbiased_p
SP500_ewmac,0.989010989010989,0.000999000999000999
SP500_trend_breakout,0.6103896103896104,0.000999000999000999
DAX_ewmac,0.9790209790209791,0.000999000999000999
DAX_trend_breakout,0.8011988011988012,0.8011988011988012
