cagr,ann_vol,sharpe,max_dd
0.002012218647737818,0.01841348254212266,0.10927963480752045,-0.05397721106009591
