orig_return,trend,mean_bias,skill
-0.6188704400211944,0.0,-0.6188704400211806,-1.3766765505351941e-14
