System,solo_p,unbiased_p
SP500_ewmac,0.935064935064935,0.000999000999000999
SP500_trend breakout,0.6213786213786214,0.6213786213786214
DAX_ewmac,0.99000999000999,0.000999000999000999
DAX_trend breakout,0.45054945054945056,0.000999000999000999
