orig_return,trend,mean_bias,skill
0.8747420026196315,0.0,0.8747420026196471,-1.554312234475219e-14
