orig_return,trend,mean_bias,skill
-0.46458093054196636,0.0,-0.4645809305419593,-7.049916206369744e-15
