actual_mean,actual_log_pf,actual_drawdown,num_nonzero_rets,bs_mean_0.1%,bs_log_pf_0.1%,bs_dd_0.1%,bs_mean_1.0%,bs_log_pf_1.0%,bs_dd_1.0%,bs_mean_5.0%,bs_log_pf_5.0%,bs_dd_5.0%,bs_mean_10.0%,bs_log_pf_10.0%,bs_dd_10.0%,bs_mean_90.0%,bs_log_pf_90.0%,bs_dd_90.0%,bs_mean_95.0%,bs_log_pf_95.0%,bs_dd_95.0%,bs_mean_99.0%,bs_log_pf_99.0%,bs_dd_99.0%,perm_dd_0.1%,perm_dd_1.0%,perm_dd_5.0%,perm_dd_10.0%,perm_dd_90.0%,perm_dd_95.0%,perm_dd_99.0%,avg_bs_dd,avg_perm_dd,p_two_sided_mean,p_two_sided_log_pf,p_one_sided_drawdown
5.4251121849161204e-06,0.006124934249643658,0.1333289756429595,3002,-0.0002175713728799007,-0.23698925695700848,0.07824341615915309,-0.00015441254275664669,-0.16882573657426686,0.08908011312077177,-0.00010323206925273319,-0.11393164884358332,0.1070342536031894,-8.08339872514886e-05,-0.09111039477565631,0.12058445352364826,8.704235445074173e-05,0.10041281747769394,0.3136392425240892,0.00010752249720432923,0.12109318739094335,0.35154302391805314,0.00014335152375744025,0.16168024738267256,0.43802808835644974,0.10935371003880617,0.11943589702977646,0.1363871498960734,0.14488595455359052,0.25707099267528066,0.27648324762515397,0.31195943504466106,0.2090547609610752,0.1968447908500172,0.937,0.937,0.036
