System,solo_p,unbiased_p
SP500_ewmac,0.981018981018981,0.000999000999000999
SP500_trend_breakout,0.8791208791208791,0.8791208791208791
DAX_ewmac,0.04795204795204795,0.000999000999000999
DAX_trend_breakout,0.7142857142857143,0.000999000999000999
